{"theta0": 7990.669318661833, "theta1": -4609.685931253244}