{"theta0": 8476.881718143033, "theta1": -0.021232909711393518, "min_mileage": 22899.0, "max_mileage": 240000.0}